"FirstName","LastName","Username","Department","OU"
"Susan","Garcia","sgarcia","Management","Management"
"Michael","Johnson","mjohnson","Management","Management"
"William","Garcia","wgarcia","Management","Management"
"William","Martin","wmartin","Finance","Finance"
"Mary","Lopez","mlopez","IT","IT"
"Jennifer","Lopez","jlopez","Finance","Finance"
"Michael","Martin","mmartin","HR","HR"
"Jennifer","Williams","jwilliams","Finance","Finance"
"Elizabeth","Anderson","eanderson","IT","IT"
"Barbara","Williams","bwilliams","Finance","Finance"
"Charles","Martin","cmartin","Finance","Finance"
"Barbara","Thomas","bthomas","Management","Management"
"Karen","Jackson","kjackson","HR","HR"
"Joseph","Smith","jsmith","Finance","Finance"
"Robert","Johnson","rjohnson","Finance","Finance"
"David","Gonzalez","dgonzalez","IT","IT"
"Karen","Martin","kmartin","Finance","Finance"
"Charles","Jones","cjones","HR","HR"
"David","Hernandez","dhernandez","Finance","Finance"
"Patricia","Martinez","pmartinez","IT","IT"
"Mary","Taylor","mtaylor","Finance","Finance"
"James","Johnson","jjohnson","Finance","Finance"
"Karen","Jones","kjones","Management","Management"
"Joseph","Moore","jmoore","IT","IT"
"Michael","Anderson","manderson","HR","HR"
"Elizabeth","Williams","ewilliams","IT","IT"
"Robert","Moore","rmoore","HR","HR"
"Michael","Lopez","mlopez28","HR","HR"
"Susan","Williams","swilliams","Management","Management"
"Sarah","Williams","swilliams30","Finance","Finance"
"Sarah","Lopez","slopez","HR","HR"
"Mary","Smith","msmith","Finance","Finance"
"William","Davis","wdavis","HR","HR"
"Joseph","Taylor","jtaylor","IT","IT"
"Mary","Hernandez","mhernandez","Finance","Finance"
"Linda","Hernandez","lhernandez","Management","Management"
"Robert","Gonzalez","rgonzalez","IT","IT"
"Robert","Gonzalez","rgonzalez38","Finance","Finance"
"Charles","Gonzalez","cgonzalez","HR","HR"
"John","Miller","jmiller","IT","IT"
"Joseph","Hernandez","jhernandez","IT","IT"
"Sarah","Wilson","swilson","IT","IT"
"Susan","Thomas","sthomas","Finance","Finance"
"Elizabeth","Rodriguez","erodriguez","Management","Management"
"Jennifer","Anderson","janderson","Management","Management"
"Richard","Martinez","rmartinez","IT","IT"
"James","Davis","jdavis","Management","Management"
"Richard","Taylor","rtaylor","HR","HR"
"John","Wilson","jwilson","Finance","Finance"
"Patricia","Moore","pmoore","HR","HR"
"William","Martinez","wmartinez","HR","HR"
"Joseph","Martin","jmartin","HR","HR"
"John","Brown","jbrown","Finance","Finance"
"Charles","Jackson","cjackson","HR","HR"
"Charles","Taylor","ctaylor","IT","IT"
"Sarah","Martin","smartin","Management","Management"
"Sarah","Taylor","staylor","Finance","Finance"
"Patricia","Martin","pmartin","HR","HR"
"Jessica","Johnson","jjohnson59","Management","Management"
"Elizabeth","Smith","esmith","Finance","Finance"
"David","Moore","dmoore","IT","IT"
"John","Rodriguez","jrodriguez","IT","IT"
"Jessica","Martin","jmartin63","Finance","Finance"
"Charles","Jackson","cjackson64","Management","Management"
"Elizabeth","Lopez","elopez","Finance","Finance"
"Linda","Taylor","ltaylor","IT","IT"
"Richard","Williams","rwilliams","HR","HR"
"Thomas","Wilson","twilson","Management","Management"
"James","Miller","jmiller69","IT","IT"
"Susan","Jackson","sjackson","Management","Management"
"Mary","Martin","mmartin71","HR","HR"
"Mary","Miller","mmiller","IT","IT"
"Richard","Hernandez","rhernandez","HR","HR"
"Joseph","Lopez","jlopez74","IT","IT"
"Thomas","Lopez","tlopez","Management","Management"
"Jennifer","Miller","jmiller76","Management","Management"
"Patricia","Williams","pwilliams","HR","HR"
"David","Garcia","dgarcia","Finance","Finance"
"Mary","Davis","mdavis","IT","IT"
"Joseph","Jones","jjones","IT","IT"
"Susan","Taylor","staylor82","Finance","Finance"
"Susan","Lopez","slopez83","HR","HR"
"James","Jackson","jjackson","HR","HR"
"William","Hernandez","whernandez","IT","IT"
"Elizabeth","Miller","emiller","IT","IT"
"Barbara","Gonzalez","bgonzalez","Management","Management"
"Robert","Thomas","rthomas","HR","HR"
"Richard","Williams","rwilliams89","IT","IT"
"Mary","Moore","mmoore","Finance","Finance"
"Jennifer","Taylor","jtaylor91","Management","Management"
"Jessica","Garcia","jgarcia","Management","Management"
"Robert","Davis","rdavis","HR","HR"
"Jennifer","Brown","jbrown94","Finance","Finance"
"Karen","Anderson","kanderson","Management","Management"
"Susan","Smith","ssmith","HR","HR"
"Mary","Wilson","mwilson","IT","IT"
"Karen","Rodriguez","krodriguez","Finance","Finance"
"Patricia","Jones","pjones","IT","IT"
